X1,X2,Cluster
-0.753252371,0.757618071,0
1.309819557,-0.419096343,0
-0.134353675,-1.182476572,0
-0.720029338,-0.513915366,0
0.456734768,0.681405489,0
0.611694585,0.912292049,0
0.687484628,0.262663726,0
0.911093941,-1.0181655,0
-0.99474063,-0.733423675,0
-0.235966461,-0.874902623,0
0.651882535,0.084785291,0
1.24813049,-0.23882639,0
0.483802803,-0.848907348,0
0.292464023,1.212797959,0
0.282918761,0.619575575,0
0.357619474,0.804194205,0
-0.33460499,0.943471293,0
-0.997209264,-0.156378411,0
-0.828054203,0.377362433,0
-0.288072864,1.08704723,0
-0.60011278,-0.508339468,0
0.621650219,0.746599014,0
-0.268015514,0.988364699,0
-0.736404849,0.82101725,0
-1.099083312,0.311316004,0
0.169912804,-0.756217955,0
0.215554331,0.658810226,0
-1.250517143,-0.112142442,0
-0.891671624,-0.585033866,0
0.814344531,0.24465824,0
-1.022312736,-0.819500066,0
0.489943756,0.898198305,0
1.134056547,0.491186619,0
0.961682608,-0.319931718,0
1.379352906,-0.302575628,0
0.484686818,-1.26113595,0
-0.319700655,0.894810124,0
0.976384592,0.68779322,0
-0.453398157,-1.034041051,0
-1.184729495,0.467754999,0
0.581165911,0.55992847,0
-1.136688151,0.034457164,0
1.183510402,0.259775711,0
0.545849166,-0.349684825,0
-0.042089708,0.762187037,0
-0.309328691,-0.504937229,0
-0.357726623,0.875883629,0
-1.134430189,-0.143804469,0
-1.24486359,-0.376218728,0
0.403884747,0.930985835,0
1.301588143,-0.251813556,0
0.1138521,-0.71497155,0
0.612256341,-0.244641914,0
0.780718806,-0.606945211,0
-0.879435475,-0.621385287,0
0.876152175,-0.468318509,0
0.498162565,0.309564037,0
0.326987094,0.926147461,0
0.709463717,0.207217423,0
-0.516891381,1.009272398,0
-0.821292571,0.691009105,0
-0.108598479,0.804729406,0
0.42599182,-0.789649651,0
-0.489898406,0.617407057,0
-0.190724505,0.968870307,0
-1.148427267,-0.315695446,0
0.508157978,0.621571624,0
0.3545878,-1.042136562,0
0.797656604,0.403593632,0
0.838571078,-0.069248153,0
0.136331236,-0.969051015,0
0.251113086,0.752139851,0
0.88873492,0.030848358,0
0.304023014,-0.697004525,0
-0.372982902,-1.342080326,0
-0.132447283,-0.998305003,0
0.114600631,-0.852385549,0
0.931963029,0.467833702,0
-0.615814068,0.759174893,0
0.713498569,0.635991396,0
0.732453836,-0.851038241,0
-0.822894592,-0.805481404,0
-0.435052527,0.780888019,0
0.81521243,0.344040788,0
-0.353290231,0.876465328,0
-0.245534078,0.48051867,0
-0.089063207,-0.691247769,0
-0.82664111,-0.968580401,0
1.009015149,-0.864934833,0
-0.935749663,0.16504215,0
0.814970816,0.761407953,0
-0.243141051,-1.034049108,0
0.109408418,-1.612067741,0
-1.134315139,-0.459670589,0
0.127999285,-0.96597291,0
-0.80827735,0.031525385,0
-0.671799067,-0.096614064,0
-0.934688733,0.457600616,0
0.837928027,0.134977708,0
0.557334392,0.448763988,0
0.853763665,0.170823623,0
-0.513033981,-0.59242449,0
-0.526185716,1.2295703,0
-1.174622714,-0.063316107,0
0.834703514,-0.547798804,0
0.005763315,1.295976013,0
-0.858699422,0.542053558,0
0.028864861,-0.827239722,0
0.173282086,1.293065825,0
0.980708357,0.515162205,0
-0.195900305,0.767958197,0
0.509181597,0.816117506,0
0.745701884,-0.352632518,0
0.258353807,-0.675735763,0
-0.792687539,-0.881152472,0
0.955168876,-0.998626031,0
0.238325439,-0.679715827,0
0.431769958,1.025397373,0
0.679075727,-0.543629064,0
-0.875139061,-0.220846364,0
0.311285484,-0.824730865,0
0.657078695,-0.502504211,0
-0.41841688,0.9189288,0
0.642288195,0.531700058,0
0.145668869,1.04397758,0
-0.887928571,0.437708309,0
0.394653134,-0.866575751,0
0.524612866,-0.628253729,0
0.883801883,0.038630387,0
-1.148454821,-0.077670139,0
-0.955349048,0.545629722,0
0.140267541,0.792166327,0
0.744040966,0.697517483,0
-0.601727876,0.980337553,0
0.623721047,-0.233851455,0
-0.492140783,0.993454145,0
-0.861436254,-0.102180654,0
-0.324122163,-1.065930394,0
-0.554867838,0.64040659,0
0.629006098,-0.112705211,0
0.65580308,-0.157674098,0
-0.011305954,1.009553684,0
-1.051787302,0.018185266,0
-0.257422503,0.777636513,0
-0.244901059,1.100805372,0
0.649843078,0.153368531,0
-0.762049125,-0.626916161,0
-0.757689404,-0.012755238,0
0.824537403,0.276404126,0
-0.180717831,0.993171888,0
0.694158741,-0.451210308,0
0.060497001,0.921104345,0
0.736886655,0.948693939,0
-0.882679819,0.058581206,0
1.162397813,-0.105087688,0
0.038623569,0.773094419,0
-0.519748884,-0.97622255,0
0.093973926,-1.284881766,0
0.039238821,0.504146384,0
-0.114697493,-0.832759308,0
-0.752154324,0.823658433,0
-0.646547324,-0.708807097,0
-0.717814059,-0.799194154,0
-0.857085202,-0.195966337,0
0.857956074,0.546669188,0
0.494776313,-0.833003555,0
-0.530687048,1.113567546,0
0.408135641,0.968391881,0
1.032677164,0.270514257,0
-0.772005273,-0.496026993,0
-0.396707978,-0.810611303,0
0.908531365,0.095035503,0
-1.075777491,-0.081898393,0
0.134756002,0.905834502,0
-0.647520115,-0.836651912,0
0.647447075,1.258278246,0
-0.425820895,-1.094294648,0
-0.707898932,0.610509085,0
1.14352525,-0.48015848,0
0.596351393,0.698423859,0
-0.320754403,0.498020947,0
0.603912041,0.522211875,0
0.557080972,-0.285199086,0
0.66698669,-0.647661818,0
-0.050061749,1.002434408,0
-0.715595812,-1.127348766,0
0.436725912,-0.971759583,0
-0.899241889,-0.325029253,0
-1.14570703,-0.215949481,0
0.028541915,0.557042197,0
0.873009468,0.578204861,0
0.921735361,-0.694636112,0
0.570862127,-0.412468938,0
-0.823524272,-0.911940964,0
-0.566595813,0.904959082,0
-0.535274422,0.74448955,0
-0.169547749,-1.113724752,0
1.160710782,-0.875939191,0
0.786312721,-0.675116153,0
0.195877384,-1.031205519,0
-0.569883409,-0.707056602,0
0.716715429,0.418653393,0
0.614702157,0.990885406,0
0.66604673,-0.4932174,0
-0.795850372,-0.628850975,0
0.90295878,0.052237238,0
0.880524484,0.652261781,0
-0.551630244,-0.913029097,0
1.20689739,0.038395746,0
0.477315015,0.760636895,0
-0.902020546,-0.285170579,0
-0.287138025,-0.751242574,0
-0.526431407,-0.743672327,0
0.173113952,1.061435812,0
-0.271044449,-1.119040493,0
0.065270366,0.812950924,0
-0.535574211,1.0446297,0
-0.028019931,-1.270818707,0
-0.638406092,-0.87444197,0
0.802976914,-1.116620303,0
-0.463556008,-0.706788608,0
-0.682947682,-0.312549508,0
0.535848378,0.357676174,0
-0.875685979,0.959748787,0
-0.107856016,1.125718046,0
0.037335487,0.98817801,0
1.040846329,-0.178218032,0
-0.606572566,0.482227257,0
1.159520816,-0.934387702,0
-0.696870809,-0.75281304,0
0.283931492,-0.981641235,0
-1.144996131,-0.018973572,0
-0.970699955,-0.509313347,0
-1.043622437,0.049099704,0
0.283975476,0.792566806,0
-0.188465254,-1.077942247,0
-0.264470734,1.350757446,0
1.254301157,0.193139405,0
-0.805106619,-1.044321659,0
0.396929357,0.805241873,0
0.746601898,-0.293114969,0
0.934283106,-0.278268224,0
0.869896097,-0.515456065,0
-0.835237775,0.887662475,0
0.658389967,0.064142501,0
1.17568259,-0.568481787,0
-0.871471818,0.422294175,0
0.894622904,-0.190227575,0
0.776832969,-0.180729077,0
0.403408856,-0.533723384,0
-0.321047954,1.119509195,0
-0.761522281,0.67054159,0
0.440417366,-0.597166768,0
-0.30247107,0.676438396,0
0.452003655,0.816020141,0
-1.249757121,-0.465983971,0
0.87281543,-0.370205607,0
-0.232640999,-0.659544186,0
-0.860200392,-0.405183472,0
0.77462741,0.54206833,0
-0.345504333,-0.304630927,0
0.987210141,-0.06177466,0
0.607595308,0.735246462,0
-1.131694282,-0.130914972,0
0.982922551,-0.954039434,0
-0.071031356,-1.223252431,0
-0.309220286,-0.894270308,0
-0.229042106,-0.744248167,0
-0.961751955,1.170155684,0
-0.27368743,0.974126705,0
0.365404632,-0.933840957,0
0.367007503,-0.925029048,0
0.697606416,-0.770810415,0
0.830374702,-0.503554651,0
-0.883020458,-0.063036438,0
-0.890587792,-0.00848503,0
0.296854609,-0.948060623,0
-0.524065246,-0.720970269,0
-0.254862999,-0.818677289,0
0.289810707,-0.979303294,0
0.731240881,-0.604893728,0
-0.683112736,1.106993216,0
-0.333417597,0.330984017,0
1.011993102,0.678327495,0
-1.101136522,-0.589950481,0
0.570459548,0.1310637,0
-0.909786916,0.199775176,0
-0.892679856,-0.245081742,0
-0.163518296,0.699643235,0
-0.710602765,-0.456198408,0
0.763644427,0.148162069,0
1.313441048,0.314004553,0
0.522940974,-1.065750373,0
-0.800685024,0.965504855,0
0.79862316,0.81957446,0
-0.766641036,-0.107847713,0
0.112149297,-0.888042391,0
0.233963655,1.072655737,0
-0.541306194,-0.527143563,0
0.982211419,0.583776302,0
0.902185122,0.303713844,0
-0.907142697,-0.181061952,0
-1.105165593,-0.288464142,0
-0.707517841,-0.82765852,0
-0.1388539,-0.917357613,0
1.21771391,-0.186189628,0
-0.77968017,-0.080133752,0
-0.497024895,1.007231633,0
0.313341595,-1.073838122,0
-0.122439085,0.930066049,0
-0.987867704,0.398528692,0
0.660507185,0.354818596,0
1.169807183,0.187922858,0
0.9366205,-0.223939138,0
0.46056174,-0.767934405,0
-0.402830586,-1.140766419,0
-0.722344298,0.465107772,0
0.332945158,0.636485296,0
0.381933656,0.573060894,0
-0.001711149,1.121200685,0
-0.708613023,-0.226441638,0
-0.298048921,-1.317670907,0
-0.312104742,-0.493149135,0
-0.250411732,1.315672862,0
1.000574952,-0.291612563,0
-0.074503131,-0.977823182,0
-0.839558056,-0.298415999,0
-0.824530868,-0.697262992,0
-0.868506549,0.480311511,0
0.017401894,1.220536328,0
-0.631836872,0.804360084,0
0.050759932,-1.028808903,0
0.923488113,0.083745893,0
0.737144937,0.658763087,0
1.017523707,0.30258204,0
0.636539128,0.166546146,0
0.449312795,-0.57580205,0
-0.329754296,-1.100302414,0
-1.020587143,0.167080394,0
0.786879945,0.555500326,0
-1.002294454,0.052848775,0
-1.054693619,0.177444565,0
0.41393518,0.790194543,0
-0.772456435,0.340909806,0
-0.834929842,0.618679623,0
-0.600483723,-0.535124956,0
-0.714830796,-0.811778817,0
0.632945025,0.185199326,0
-0.850573478,0.854724205,0
-0.769749265,-0.778112458,0
-1.051001854,-0.020713402,0
0.742184755,-0.938544323,0
-0.723522642,-1.119668241,0
0.625698093,1.027330418,0
0.570727495,0.271059313,0
-0.465527905,-0.580470216,0
0.862924343,0.145086446,0
-0.862729731,-0.515907996,0
1.026624532,-0.40475241,0
-0.760518383,-0.390361918,0
-0.791638497,0.670380839,0
-0.527495461,-0.665146225,0
-0.847674733,0.22759303,0
-0.689349926,-0.203174946,0
0.760826721,-0.293161709,0
-0.550658229,0.478731368,0
0.781015699,-0.194315003,0
1.002866784,-0.67832247,0
0.270626153,0.763581207,0
1.383794284,0.644393993,0
0.885670125,0.650115445,0
1.030178252,0.11846432,0
0.68671972,0.463188986,0
-0.465840988,-1.040544801,0
0.797820379,0.382729497,0
-0.430194296,0.929694708,0
0.848899566,-1.251225262,0
0.970321653,0.142902172,0
0.484662021,-1.130329696,0
-0.170855285,0.84220911,0
0.731657321,0.671365128,0
-0.444771588,-1.279033965,0
-0.602931034,-0.633569928,0
0.978272946,-0.948346064,0
-0.106922065,-1.136531987,0
0.292648483,-0.837869268,0
-0.225209374,1.103739741,0
0.525919566,1.072504022,0
0.004342948,-1.124353605,0
0.239783583,-0.642680459,0
0.853052273,-0.050951813,0
-0.81079828,0.496033581,0
-0.683407737,0.709508355,0
0.185703384,-1.108689518,0
-0.559277434,0.871522953,0
0.664653343,-0.308907708,0
0.677590843,-0.835901792,0
-1.012281817,0.484182216,0
0.006085806,-1.111941435,0
0.034708907,-1.215660751,0
0.93030633,0.704213064,0
0.893493977,-0.627514461,0
-0.985429994,-0.032532607,0
0.308614538,-0.592219843,0
-0.462669999,0.982428945,0
0.825070308,-0.63565669,0
-0.808983072,0.676112511,0
0.742924508,0.050667762,0
0.649311877,-0.438997494,0
1.016891578,0.656930664,0
-0.418535787,0.89948225,0
1.080822285,-0.350715262,0
0.957621549,-0.307116259,0
-0.900748315,-0.447873136,0
-0.802959062,-0.875091611,0
-0.850151651,0.285440653,0
-0.273333527,0.981889333,0
-0.430524611,0.798928271,0
-0.427173485,-0.807016605,0
0.013996544,-0.938061162,0
0.269762077,-1.008987446,0
0.222775865,-0.876378614,0
1.051271227,0.678386465,0
-0.820574005,0.028779688,0
0.900356751,0.340596394,0
-0.868245178,-0.279271238,0
-1.2033587,0.463107754,0
0.791163542,-0.673964028,0
-0.71468516,0.971880169,0
0.521162787,0.471636285,0
0.656093982,0.824144057,0
0.085117414,-1.174846825,0
-0.748708996,-0.687473099,0
0.976361194,0.719945071,0
0.774240715,0.45203919,0
-0.38868859,-1.221519776,0
1.309859298,0.644379681,0
0.404661684,-0.834493601,0
-0.247297785,-0.876687913,0
1.125718802,0.631350954,0
1.133345297,0.668699651,0
0.892274837,-0.07507935,0
-0.644709096,0.650644091,0
-0.648738307,0.685274301,0
0.28105452,-0.674929655,0
0.771842076,-0.265623582,0
0.796082405,-0.070202882,0
0.017964997,-0.846249819,0
-0.707736919,0.696622294,0
0.906041601,0.524374648,0
0.222380611,-1.291088352,0
-0.747043796,-0.287145228,0
-1.06374522,0.5485715,0
0.796233184,-0.531270955,0
0.75812067,0.636840193,0
-1.133745622,0.052572953,0
0.773483295,0.05527181,0
-1.055679573,0.210603958,0
0.969304369,0.357963933,0
0.806327851,0.746000155,0
0.782289301,0.712064356,0
-0.882397688,-1.201929419,0
-0.021678861,-0.872182621,0
-0.773954523,-0.447072617,0
0.850763058,-0.206102338,0
-0.628039126,0.629061366,0
-0.194142783,0.850649295,0
0.839359789,-0.909742914,0
0.212059303,1.266469835,0
0.862304566,-0.20288512,0
0.831099414,0.063593757,0
1.074743923,-0.205866528,0
0.857046608,0.238285347,0
0.873185051,-0.71186003,0
-1.024862712,-0.180201941,0
0.696170482,-0.030793223,0
1.171235837,0.585661668,0
-1.282103291,-0.451186532,0
0.861171552,-0.168191798,0
-0.912762236,-0.133405308,0
-0.72659146,-0.767906093,0
-0.356670468,-1.005506513,0
-1.0858579,0.318869179,0
-0.975330719,-1.007198439,0
-0.832388625,-0.487445073,0
0.683425663,-0.488980169,0
0.694814018,0.203977085,0
-0.165061498,0.83770701,0
0.945545882,-0.304526012,0
1.048493571,-0.864466248,0
-0.861906657,0.246554768,0
-0.760999395,-0.71582005,0
-0.170631321,0.982001315,0
0.46917273,1.145305811,0
-1.466397179,0.340393572,0
-0.540491076,0.711895185,0
-0.780335623,-0.452639566,0
1.067489251,0.567222996,0
1.121703511,-0.182035354,0
1.364205153,-0.118491983,0
-0.324465,3.021035703,1
2.124445957,-2.02968267,1
0.888629481,-2.893319902,1
-1.615454158,-2.491640813,1
1.855876493,-2.534858886,1
2.144758082,-2.363189946,1
-0.73525987,-2.746072968,1
1.421248003,-2.335264828,1
-0.853243092,-2.490661716,1
-1.31811354,-2.807576979,1
-2.042564578,-1.884830691,1
0.043855717,-2.569047582,1
1.671834056,2.584048171,1
2.563434479,-2.380967231,1
2.077993048,-2.1620965,1
3.114361955,0.578844722,1
1.383175578,-2.680538825,1
2.055477306,2.157947318,1
-1.622739912,2.739232561,1
-0.119965223,-2.939498131,1
1.623807486,2.58591956,1
1.269209622,-2.789136763,1
1.414447075,-2.493087387,1
-3.194888316,-0.150017959,1
2.962621679,0.118934924,1
-0.657009338,2.772055297,1
-2.30577238,-2.082964055,1
2.800624173,-0.332614567,1
-2.032400542,-2.214316417,1
-0.184564041,2.992490041,1
-2.142593473,-2.399903051,1
-2.997777118,-0.769404813,1
0.558347925,-2.942488793,1
2.475374658,1.969921199,1
0.22695495,-3.270175468,1
-3.007553121,-0.797773582,1
2.921275604,-0.691792076,1
-1.493984955,2.29404491,1
-1.874091296,-2.062770976,1
2.674975565,-1.217358849,1
2.301464835,1.72820866,1
2.735152703,-1.138407862,1
-1.145640103,-2.784890848,1
2.828049379,1.284130442,1
-0.939869576,2.834121636,1
-0.804670947,-2.990948678,1
2.747124904,1.237271328,1
-2.265371501,-1.285935771,1
-1.593533604,2.317054643,1
-2.154163227,-2.046339701,1
2.644932291,0.781814519,1
2.157638723,-2.253642872,1
3.260388575,-0.548174485,1
3.181931924,-0.63026873,1
-0.006469426,-2.95730435,1
2.256432669,2.405467429,1
0.157230652,-3.02565093,1
2.897658783,0.451237734,1
2.849565307,0.398678915,1
-1.311586434,2.630672332,1
-2.914927726,0.208354074,1
0.387975859,-3.00917528,1
-1.233932767,-2.769680498,1
-2.828935057,1.000390943,1
-0.45664338,3.05343073,1
3.237600762,-0.058501065,1
-2.852901923,1.427053503,1
-2.577906857,0.812844114,1
1.28559269,2.131536207,1
0.885443962,-3.061387109,1
-0.944820413,-2.557693149,1
0.53967778,2.905348549,1
2.403638737,1.36863135,1
-1.116390306,-2.391899141,1
-1.755006612,-2.565430635,1
-0.458983026,3.118232422,1
2.748307124,-0.876521558,1
1.445382558,2.017463387,1
-2.633403854,1.19231964,1
2.887192801,-1.067905871,1
-2.367488492,1.306824983,1
-1.957234834,-2.321768409,1
-2.397672217,1.798000417,1
-0.472246535,3.079863009,1
3.008605721,-0.30390794,1
-2.362354963,1.513099741,1
2.548282396,-1.999853486,1
0.372865821,2.944781971,1
0.68799296,2.914434775,1
2.759687762,0.546846842,1
-1.686484138,-2.373118732,1
-1.913366234,2.075712271,1
1.952076168,-2.232276814,1
-3.295102407,0.559953697,1
2.671371883,-0.541087238,1
1.055160282,2.460590644,1
2.234200082,-2.420811449,1
0.492045038,-2.916925766,1
0.375692559,-2.841456343,1
1.799537304,-2.655712181,1
0.199248234,-2.87197359,1
-2.361242074,-2.397732258,1
2.128511659,2.30246227,1
2.842016783,0.589040932,1
3.015776522,-1.63707696,1
-2.139605601,-1.92611152,1
0.907542833,-3.014781696,1
-3.039259968,0.35444744,1
2.414097682,2.191347335,1
2.33941563,2.344883928,1
-1.184178318,-2.763361659,1
-2.580465545,1.208222524,1
0.945778421,2.943795632,1
-2.860463061,0.151210306,1
3.129501191,1.335827879,1
-2.634581415,-1.491163587,1
-0.348469296,2.906117975,1
0.894059488,-2.902350473,1
-1.010962935,2.536531562,1
-2.695354255,0.779031415,1
3.231450104,0.236361283,1
2.576521902,1.261159054,1
-2.177812346,1.744901461,1
-3.082678422,0.390636527,1
-2.618656265,-1.903081744,1
-0.813594899,3.036689492,1
-1.084036163,-3.009951372,1
1.81747955,-2.193518527,1
0.506362051,-2.668011712,1
3.198539285,0.813084827,1
-2.913474133,0.358632909,1
2.331618581,1.806950984,1
0.163157293,3.261560463,1
3.10032776,-0.260421705,1
1.932803625,2.412394831,1
-3.432916698,0.023982533,1
-2.115720306,-1.941151807,1
-0.937355573,-3.044537432,1
-2.802371572,-1.102388017,1
3.047965556,0.187356278,1
-1.527733533,2.931491258,1
-3.08238133,-0.344447572,1
2.645968906,1.629844886,1
-1.899665905,2.593123432,1
2.863544255,0.606216665,1
2.493926131,1.34218172,1
-2.22586324,1.683872577,1
1.751745747,1.930394069,1
-3.108656222,-1.404572733,1
-1.031831483,-2.580727901,1
0.923733139,-2.8076985,1
0.907298853,2.80137428,1
1.51712849,2.659133155,1
2.504631856,1.931921584,1
-2.076276703,-2.398178439,1
-0.77873049,-2.776235773,1
2.908344894,0.5848941,1
2.814296139,-1.192487836,1
2.794358724,0.946363493,1
-3.21028442,-0.852191894,1
-0.788190101,-2.996259095,1
2.168181857,-2.280886361,1
-0.700877694,-3.053163023,1
1.032918974,-3.065343155,1
-1.618014037,2.569156904,1
1.08567236,-2.516423675,1
2.697898491,1.485718443,1
2.265502752,-1.761487905,1
-2.765834998,-0.852639531,1
1.279191453,-2.842720345,1
-3.102995176,0.958485482,1
-1.862468802,-2.357276809,1
-3.019732576,-0.505598554,1
-0.385549388,-3.318118598,1
2.655935765,1.495736445,1
3.270251357,1.303160007,1
0.056658183,3.112586299,1
1.425177681,2.231583448,1
2.182383267,-2.272424732,1
0.591344617,3.018859532,1
3.220562982,-0.492154318,1
-1.6276846,2.678915339,1
1.229647666,2.70602776,1
0.680119126,-2.669875716,1
-1.605307298,-2.484735036,1
-2.829714063,0.032080846,1
-2.711163103,-0.983080255,1
-0.599553799,-3.05952387,1
0.449953269,3.303478576,1
3.078117506,-0.070916009,1
2.726269486,-0.435431358,1
-1.810504337,-2.502699365,1
1.009859563,3.077891896,1
-1.221675472,-2.605886215,1
2.672486356,1.302963738,1
2.947415644,0.574782991,1
-0.13718786,2.839708459,1
-3.043746967,0.728252444,1
2.013417194,-2.19125502,1
-0.440873662,-3.052230274,1
-0.129299477,-2.819538389,1
-2.599150056,1.314200827,1
-1.782705878,2.590307081,1
-2.016472789,2.119433389,1
3.335325227,-0.259342279,1
2.827834423,0.728132829,1
2.04264221,-2.258152741,1
-2.805046545,-1.511824033,1
-2.516782262,1.021879944,1
-0.409978733,-2.615906109,1
-2.685420676,0.225462422,1
2.276979127,-2.32254854,1
2.345225905,-1.68815508,1
-3.095385892,1.658372896,1
-0.484368276,2.84623001,1
-2.539838811,-1.664945268,1
2.819408172,-1.731067193,1
0.83213467,3.297853803,1
-2.443490722,-2.381837372,1
-2.195806169,-2.38471816,1
-0.339405777,-3.186789436,1
2.112268581,2.294209517,1
-0.672416192,-3.08320022,1
2.430449886,-1.563215506,1
1.212771002,2.564005814,1
0.234510372,2.990143139,1
2.918187367,-0.530206994,1
1.222560573,2.640016783,1
1.914487328,-2.487931154,1
-3.187305649,0.154768452,1
0.052497984,3.017224694,1
2.267223201,-2.391664454,1
-2.609599565,0.933863659,1
-2.948443767,-0.275296498,1
-1.810264616,2.209820944,1
-2.191315075,-1.448327539,1
1.54245858,2.553796811,1
-2.305614439,1.881126775,1
3.241882977,-0.630837271,1
-0.159689449,3.122081075,1
-1.545795289,-2.328830411,1
-1.533905201,3.001591625,1
0.476742314,-3.208986465,1
2.120833296,2.283448464,1
2.901742894,-0.556919257,1
-2.690575967,0.803924641,1
0.256089793,2.914328637,1
2.880705739,1.433683275,1
1.631341757,2.956737097,1
-3.283144696,-0.41002093,1
-1.508679028,2.47927958,1
1.320284454,-2.442017561,1
-2.747124001,1.274035783,1
0.021377904,2.646225776,1
-2.271293345,-2.057475466,1
-0.796833307,-2.86160882,1
1.447457119,2.520776009,1
1.326609295,2.329847036,1
3.020721562,0.708599166,1
-0.246912672,-2.882905467,1
-1.425860416,-2.370183556,1
-2.394798575,0.384994464,1
1.670225133,-2.485429621,1
1.149558947,-3.151325304,1
-2.864425326,-1.70263616,1
1.967913513,-2.141765248,1
0.788744287,2.769428525,1
2.359820934,2.000640957,1
-0.34660226,2.778790256,1
2.865592427,1.074324652,1
-3.092938536,-0.613598161,1
2.991320323,-1.258784016,1
2.889380146,0.729176739,1
2.13016734,2.054175728,1
-2.697969789,0.835592035,1
2.593466861,-1.144125195,1
-1.193121217,2.703098,1
-3.07029814,-0.139664733,1
3.074753468,0.821935606,1
1.692758239,2.279596162,1
3.286905815,-0.276769239,1
2.875309919,-0.640456764,1
2.994283603,0.092968874,1
2.720893206,-0.849952444,1
-1.613909744,-1.929063156,1
2.144200318,-2.344039446,1
-3.020959063,0.883026938,1
-2.929612077,-0.288003156,1
-3.006001672,0.21100313,1
-1.54825627,-2.689363738,1
1.717604496,2.06698857,1
2.843015365,0.541845265,1
-1.12455342,2.951903026,1
-0.772280003,-2.638440063,1
0.911253444,2.919817414,1
-1.26268236,-2.418955903,1
3.038174615,-0.581303073,1
2.486906176,1.665106215,1
-1.251117545,-2.366620532,1
-3.033125224,1.118974223,1
1.928659639,-2.102462151,1
1.254130066,2.545803451,1
-1.072352854,-2.844705875,1
1.698161445,-2.747250851,1
2.629184718,-0.953770043,1
-1.226702231,-2.751248741,1
-3.085277128,0.054773993,1
-2.316807625,-2.117391077,1
2.062525467,-2.226873106,1
-2.643268458,-1.256219259,1
2.782975567,0.537898646,1
2.737679394,-1.268377321,1
-1.033134248,-2.586898934,1
-1.076201937,-2.162762205,1
0.660688918,3.015789332,1
-1.723115846,-2.673626286,1
-1.985944871,1.563279257,1
-1.627068888,-2.276346246,1
2.449023287,1.939227716,1
-1.866800104,-2.855413007,1
3.004138359,-0.011066303,1
2.724432769,0.851505776,1
2.932995674,-0.423554826,1
-2.730541026,1.808205965,1
1.975087796,-2.083401539,1
0.573947433,-2.781564713,1
-2.649834333,-1.186763427,1
-0.203710625,-2.801938805,1
2.185383861,-2.090909774,1
-2.739854804,1.883717869,1
-1.426074597,2.712596833,1
-1.4598663,-2.562911133,1
1.045773706,-2.749470856,1
0.207230932,-2.67935981,1
0.940036603,-3.034346426,1
-2.743302453,1.175214602,1
1.225358966,-2.698744602,1
2.649166883,2.494289747,1
-2.940984293,-0.844206734,1
2.847776632,0.103085326,1
-1.316496265,2.600476822,1
-2.157988582,2.402910159,1
-2.40195076,1.834957832,1
-0.911278462,-2.554678792,1
-2.434708586,2.051601349,1
-2.718718755,0.908103566,1
0.263839878,3.364329894,1
-2.2489465,2.298903537,1
0.41426852,2.880902496,1
2.917868484,1.445303865,1
-2.399079419,-1.823740313,1
-1.558528728,-2.761051526,1
-2.264354088,-2.112765623,1
-2.756589024,0.643616152,1
-2.090432885,1.968348752,1
2.094866158,-2.426916054,1
-2.911989404,-0.350813756,1
-2.894331949,0.380764618,1
2.772597044,0.450609476,1
-1.673244784,2.59147607,1
-2.490478418,2.332961104,1
-2.242144238,1.654489281,1
-2.631595445,-1.450445526,1
-3.209555848,-0.687888507,1
-2.324103879,-1.871690465,1
0.288582481,-3.076971225,1
1.07459312,-2.572066211,1
-0.613899092,-3.023976571,1
2.847642642,-0.817165334,1
3.176189749,0.365460285,1
1.08175332,3.051404339,1
3.513941664,0.167104596,1
-1.871261228,-2.49146146,1
2.457282196,-1.832202369,1
0.124413116,3.036329025,1
2.626871886,-1.296431101,1
2.850371011,1.134084901,1
2.694886945,-1.177536897,1
-1.808089677,2.436000833,1
2.623012925,1.941742199,1
-2.787671636,0.248114673,1
-0.137400615,3.225050119,1
-0.709350105,3.185396709,1
-1.04840243,2.785628783,1
0.842338368,-2.433994849,1
-2.791737885,-0.701135578,1
-1.224724238,3.020551571,1
-2.304006281,-1.914192859,1
-0.591058558,-2.737047917,1
-0.410715059,2.869804025,1
-2.712122513,1.637498454,1
2.241233546,2.155205136,1
1.237668215,2.680250438,1
-1.227470637,-2.656785454,1
1.220035736,2.654720701,1
-2.780400653,-0.443298555,1
-0.845688181,-3.213664555,1
2.298149417,1.826439244,1
-2.957647005,-1.331230039,1
-0.136213299,3.301454422,1
3.113247477,-0.738598815,1
-2.898118224,0.300696235,1
1.061621934,-2.892050293,1
-2.847246944,-0.929609342,1
2.715027726,0.759505954,1
-2.053402194,-2.275297547,1
2.636332279,-0.830969168,1
-2.599815427,-1.929403614,1
1.224351009,-2.636675676,1
2.270458886,-2.021886901,1
0.419660233,3.027712142,1
0.69644375,2.864779469,1
-2.389657497,-2.001833658,1
-2.46279638,1.54070469,1
1.698517014,-2.681597112,1
2.209500079,-1.604805357,1
-1.830411942,2.408710545,1
0.27915753,3.376264755,1
0.533733759,-2.748591857,1
-0.44465056,2.829728864,1
1.367036212,-2.785402209,1
-2.694009704,1.399678477,1
-1.52028436,-2.667284995,1
2.556290047,1.749850827,1
-2.226873591,-2.195179862,1
-3.075115941,0.961539967,1
-2.636785311,-1.59557628,1
1.454177875,2.56869339,1
-0.258225164,-3.12386018,1
2.199912674,-2.566052339,1
0.616883301,2.908779498,1
2.312936641,1.587097106,1
3.185949413,0.47670562,1
-1.868376447,-2.316309936,1
-2.006252725,-1.598926598,1
-3.034032123,-0.916667894,1
0.327441578,2.874343619,1
-2.308371009,1.887620512,1
-2.541813915,-1.715216271,1
-3.037473082,0.061713008,1
3.132642156,-0.240890381,1
1.906492563,2.202337031,1
-1.048323617,-2.920149937,1
-2.431193426,1.667494255,1
-2.832837256,1.372384528,1
-0.631440927,-3.058573266,1
-0.995349257,-2.630922887,1
3.212342208,-0.176664547,1
2.001437019,2.088679965,1
2.508964443,1.923768458,1
-0.493401462,-3.03359453,1
-2.967373933,-1.592378449,1
-0.446911998,2.921319559,1
2.572831044,1.402227211,1
2.572553125,1.535800109,1
2.31336435,-1.813341215,1
1.128718251,2.951528701,1
-1.190747688,2.39729965,1
0.40764202,2.759314941,1
-1.707777268,2.201758711,1
2.891352085,1.347803996,1
-3.318185698,-0.399283915,1
2.714303018,1.227866624,1
0.922934105,-2.818997446,1
0.307915702,2.998240619,1
-3.130764448,-0.804093515,1
2.052660769,-1.925658163,1
-1.777758406,-2.475457659,1
-3.126779014,-0.656909864,1
-1.395894126,2.768182871,1
-1.513476325,2.634070045,1
-1.550744549,-2.799380358,1
2.457686327,-0.090541489,1
-1.649419741,-2.666691864,1
-2.682151576,-1.018962563,1
-0.319428664,-2.61443197,1
-3.028400267,0.672820975,1
3.043689158,1.208231797,1
-2.747691406,-1.134023546,1
3.078154481,-0.839483913,1
1.502725754,2.963195381,1
-1.201090887,-3.033881677,1
1.009820538,3.171088025,1
-3.068987944,-0.702777431,1
2.475730306,1.720903085,1
-2.550380511,0.822102216,1
0.114241683,-2.948575202,1
-1.629082369,2.315736884,1
-1.749783451,-2.954980343,1
0.835205172,-2.844750741,1
2.713511749,-1.336153783,1
0.299667665,3.095827383,1
-2.426482209,1.778927505,1
1.921389726,2.730796714,1
2.87226394,-0.135750929,1
2.724829899,-1.345490932,1
-2.762111495,-0.708396704,1
1.495411804,-2.291160165,1
-2.852732483,-0.377842463,1
-2.134803074,-2.097194923,1
3.131824475,3.786892743,2
-0.858154818,5.045248522,2
4.605705316,-0.832700367,2
-2.490979369,4.441611336,2
-5.37048912,0.608587742,2
1.570622345,4.458825762,2
-3.866014206,-3.230291942,2
-0.932614872,4.777425453,2
1.357472499,4.900642613,2
-4.97672623,-0.520102159,2
4.868787824,0.168497855,2
5.09166532,0.245376482,2
1.035319473,5.259946453,2
4.830332865,1.13469582,2
4.00384986,3.229461912,2
-2.511816787,4.021334693,2
1.56007474,-4.548613511,2
-4.581322369,-2.228278398,2
-5.280053971,-0.421148594,2
-1.368496585,4.882980875,2
4.490375347,-2.052884165,2
-3.989144014,3.014185274,2
4.056308287,2.471454712,2
-3.796951988,-3.436102997,2
3.907806225,3.394827993,2
-2.765284865,4.056746773,2
-4.900672427,-0.228392317,2
3.555637362,-3.590546903,2
-4.908618052,0.199143952,2
-1.473535209,-4.764095266,2
5.414425083,-0.244536023,2
3.35500184,3.640378018,2
-0.762748755,4.868949613,2
-3.840478483,2.995398775,2
-4.540155833,2.428481382,2
-4.208014402,2.63277043,2
4.072350511,-2.670970357,2
-1.179567498,-5.130405672,2
-4.115307531,-3.314221001,2
-1.778520003,4.544275498,2
2.069082527,-4.138257659,2
4.995521617,-1.449273785,2
2.103666769,-4.384526792,2
5.157875715,0.05072339,2
-3.015449561,-3.481681874,2
4.913523574,1.63534399,2
-0.227323078,4.752331834,2
4.790408047,1.880127557,2
-3.976124059,-3.036279261,2
-1.865782481,-4.432536172,2
3.699943103,3.240829455,2
-3.828630742,3.425356168,2
-4.832544366,1.363360701,2
-3.480491373,3.750822218,2
3.909128346,3.718581644,2
-4.092364168,2.285157842,2
0.03940319,-5.323296685,2
4.529394075,2.166503356,2
4.221382088,2.326945999,2
-2.896085332,3.744709851,2
4.633249721,-1.776566042,2
-2.538212716,-4.52048161,2
-2.155575397,-4.483196094,2
-3.428807447,4.044370522,2
-3.917492396,-2.614409758,2
4.987460278,0.317911823,2
-3.116305615,-3.584214279,2
4.338262784,-2.629073774,2
-3.935356149,-3.364254677,2
3.447489895,-3.504336093,2
-0.729225638,-4.419398087,2
3.661721247,3.462842332,2
4.161353705,-2.926472632,2
4.644484336,2.060071099,2
-5.128105974,-1.111386433,2
3.00078762,3.72814331,2
5.122155693,0.377440096,2
-4.622414599,2.464788279,2
-1.296854183,4.459543588,2
-5.044352611,0.444856691,2
-4.334027915,-2.284296448,2
4.796676669,1.352447199,2
3.629391991,3.539449378,2
-4.573508334,-1.765802951,2
-2.687944243,4.0548493,2
-0.653309776,-4.964024358,2
-2.755111821,-3.909239201,2
2.703354038,-3.945552856,2
-1.815619027,-4.804241463,2
-4.315363311,2.03293889,2
-2.388695517,-4.543623843,2
-0.808689436,5.027898528,2
-1.612861302,4.366486152,2
1.179680787,-4.719278302,2
-4.944738193,1.730554507,2
1.437876086,-4.583523615,2
2.156684327,-4.407780739,2
3.185549713,-3.973025903,2
4.465304963,-2.579220935,2
-4.491575491,2.07971217,2
-2.046520634,4.430689974,2
-4.595208286,-2.609545165,2
-3.689425194,3.871290734,2
-4.182759942,-3.082298152,2
-1.381971762,-4.822974342,2
-1.826106898,-4.480505986,2
-3.408475434,3.427680254,2
2.546873967,4.423729427,2
-4.607024477,2.149214784,2
3.299042922,4.122874255,2
3.954795273,-3.267631856,2
-2.66283407,3.872147225,2
2.943284777,4.299445744,2
4.739155693,0.76428206,2
-2.997326411,-3.905635569,2
-3.294136336,-3.827736958,2
-2.910284519,4.547624275,2
5.060882014,2.448300246,2
-4.317683919,2.754228787,2
-1.8623833,4.600704038,2
-2.257650927,-4.580769743,2
-4.07546593,-3.193337688,2
-3.254685272,3.710768335,2
1.073798999,5.250360919,2
5.03176369,-0.378963048,2
-4.88804327,1.453419795,2
-1.941291233,-4.751944345,2
3.227235228,3.928770216,2
-5.146619907,0.467265857,2
4.80374069,0.839529075,2
-4.885468493,-0.167517563,2
4.658325611,-1.071497835,2
-3.799672105,3.383669725,2
5.001797722,1.25066472,2
4.995549455,0.984080084,2
-4.067266215,3.452316237,2
2.677872942,4.221114275,2
5.07858674,0.750552231,2
0.186634737,-4.778016132,2
-4.756362214,1.268389899,2
-1.25440963,4.983661596,2
4.184060221,-3.036557799,2
3.682974586,3.294119149,2
4.795667591,-1.363297075,2
-1.837153353,4.322184366,2
3.765846218,-3.179534974,2
-4.132161025,-3.120532466,2
2.370937138,-4.532361587,2
5.074424975,-0.51143842,2
-1.197245925,4.864796878,2
4.853034547,-1.209208005,2
-3.740687967,3.115132776,2
-3.866307653,3.386570008,2
-2.7346806,4.286088734,2
-4.926821227,-1.311546262,2
2.772989343,4.033550412,2
-4.311586024,-1.512949287,2
-5.041258838,-1.35209634,2
0.366403128,-4.890526071,2
2.422034857,-4.175879656,2
-4.78306592,1.878423474,2
-1.5893118,4.657919029,2
-0.30552287,5.203024808,2
1.746878698,4.816394353,2
4.803422584,1.820154061,2
-2.59383446,3.951549667,2
-0.665139113,5.20002214,2
4.940195007,-1.058160873,2
-4.605843861,-1.747312986,2
-2.88574963,4.118257935,2
-4.063636282,-2.249575552,2
3.258938434,3.899141673,2
-4.500862122,1.651024341,2
-3.318200993,-3.37007274,2
-4.684108489,0.327280288,2
-4.25916608,3.022317665,2
4.870506896,-0.188347236,2
3.875627901,-3.625059533,2
-3.49423781,-3.424935405,2
-4.222890031,-1.966999419,2
-3.468461233,-3.284294881,2
1.580266185,5.003545867,2
-3.928772559,3.042025969,2
4.740806084,1.200086595,2
-4.97272277,0.770122675,2
-4.91512404,-1.362054542,2
0.727879239,5.172517052,2
5.155169588,-1.185390644,2
4.151813987,-2.654822154,2
-0.824501757,-4.66244974,2
-4.809509388,-1.0239762,2
3.457656683,-3.683460481,2
3.2763967,3.51779193,2
1.210755111,-4.653645425,2
3.588185833,3.580115333,2
1.368456994,-4.798970247,2
-0.807037472,4.941085664,2
3.473001438,-3.382939986,2
4.650863697,-1.706103405,2
2.859665209,3.874018183,2
-5.036300697,1.203233243,2
5.169940037,-0.620554857,2
-4.6056195,0.481902153,2
3.150532254,-3.640011595,2
-3.988875775,-2.487045542,2
-3.450737394,3.436461089,2
-1.111005759,4.857887271,2
1.364483235,4.508098703,2
0.356656714,-4.802402459,2
-3.630490199,3.138780557,2
-5.028806902,-0.356867195,2
-5.008040848,0.241677235,2
-4.294409235,-2.266144395,2
3.343621033,-3.764982172,2
4.85489475,-0.590416096,2
-4.135062612,2.713097645,2
2.496821205,-4.714319222,2
0.480208295,-5.246160075,2
-4.243155084,-2.112824866,2
4.970200924,-1.40858292,2
1.58058709,4.914353684,2
3.689634096,3.023708651,2
3.138223581,-4.100722365,2
-4.924361449,1.980186239,2
2.732878157,-3.916208835,2
3.770084426,-2.997520682,2
4.80796739,1.9900246,2
3.758867747,-3.378883287,2
-4.843230162,1.630410743,2
-5.057233636,-0.331973531,2
-3.554677934,-3.626535862,2
4.237167318,-2.112782524,2
5.171931783,0.624205108,2
-5.178616436,0.758834253,2
-1.889472968,-4.579652303,2
-0.851755974,-4.918092463,2
-1.658237866,-4.391105075,2
3.388139837,3.815703903,2
-1.561956682,4.870061211,2
-3.148073197,3.868514938,2
1.752467258,-4.922208046,2
-0.886600656,4.852859891,2
1.249583628,4.957872911,2
4.625668548,-1.267063701,2
4.98754553,0.278042223,2
4.964663749,-0.067980263,2
-2.238820298,-4.521098325,2
2.331537774,-4.339393939,2
-1.376193773,4.779522665,2
5.144329727,0.463961383,2
-0.374070029,-4.898384801,2
2.359965435,-4.039882739,2
-0.31994921,-5.340341006,2
3.289891203,4.125028563,2
0.102116837,-4.740447708,2
0.609439122,-5.101669084,2
-2.663056042,-4.112456969,2
0.510759185,-5.026815742,2
2.867668802,-4.167539635,2
-3.743974324,-3.242844206,2
4.111882335,2.559192036,2
-4.847208969,0.377567195,2
4.254771657,2.257899603,2
-4.040705541,2.652683819,2
-4.161025391,2.748034139,2
4.445066216,1.95713026,2
-2.988228494,4.177703005,2
4.060498432,3.402252319,2
1.747453802,-4.560675081,2
4.777654586,-1.629453356,2
4.582468246,2.238379414,2
4.893148136,-1.417750792,2
-4.964817116,-0.709036186,2
-1.577617042,4.900872615,2
4.513589631,2.366708497,2
-4.752430957,-0.018640993,2
1.428322806,-4.972768181,2
-1.379162547,-4.990389138,2
4.607965147,1.504456453,2
4.491375163,2.214380814,2
-4.209477514,2.943744993,2
-1.391964282,4.758735157,2
0.575987088,5.182687165,2
-1.059404369,5.36925722,2
1.596929013,-4.571931389,2
4.264408386,-2.031999823,2
-4.187493948,2.841869782,2
4.274841834,-2.861761416,2
-2.151267219,4.462336672,2
-5.232774975,0.78042684,2
0.710056935,4.678705181,2
-3.263599257,-3.969126174,2
4.836343067,-0.642453727,2
-4.253311394,-3.235173629,2
-3.383682269,4.206486623,2
-2.902301544,-3.881603157,2
3.502693935,3.412345447,2
3.957114326,-3.330161803,2
-4.921649761,-0.095378913,2
-4.740303981,1.561658803,2
-4.294173435,-2.571162604,2
-3.268480793,-3.259615436,2
4.497609663,2.178035694,2
-1.997540927,-4.432764789,2
0.248367577,4.895078621,2
-1.187640571,-5.153652764,2
2.090070774,-4.264005482,2
1.716958586,-4.868769423,2
-4.677632511,-1.601543333,2
-4.904398419,-0.624889147,2
3.215529918,4.033125171,2
0.803696437,-5.003878498,2
-0.685874291,5.067921311,2
-5.192517449,0.107829142,2
-1.054289669,4.819776669,2
3.252429775,3.634861819,2
-3.283845154,-3.477522396,2
4.555914818,1.618663402,2
-0.047581333,-5.589616372,2
-2.162621077,4.782718717,2
4.729783433,0.004002822,2
-4.7239355,-0.330867469,2
4.877139685,1.478691454,2
-0.836357422,5.040537254,2
-1.364537071,-4.924211327,2
4.570028281,1.899349896,2
2.648207983,-4.211498012,2
5.064116933,0.121568643,2
0.100117266,5.016179587,2
-0.260248506,-4.548701104,2
-2.003708005,4.530746879,2
3.873294696,2.885094633,2
-3.215155286,3.874845453,2
-0.71521621,5.551166961,2
2.791108626,-4.2367532,2
-1.913695476,4.551334122,2
1.255587736,-5.030019002,2
3.964891173,-3.20223879,2
-4.650750478,2.053720562,2
4.323135212,-2.745711899,2
-3.88169549,3.770238999,2
4.65274507,-1.06833646,2
4.313763251,2.710661148,2
-1.855942624,-4.44263908,2
-5.107242383,0.198605917,2
-3.665237797,3.12448688,2
-3.304039955,-3.640817786,2
-1.412527065,-4.734772496,2
5.193211137,0.142408767,2
2.58376228,4.493865119,2
-1.09320941,-4.623367918,2
-2.513158359,-4.335207491,2
4.747957874,-1.028531213,2
0.329042402,-4.736884489,2
4.721384269,-1.508767821,2
-1.450859165,-4.720365301,2
-1.631093138,5.237225054,2
4.012037295,3.126815402,2
0.938401288,-4.630343532,2
-3.015903735,-3.845456467,2
4.967569114,1.551693476,2
-3.454688127,4.173305551,2
4.511352832,-1.255524881,2
-4.624000435,-0.011654692,2
-4.901236053,2.204503557,2
-4.899624767,1.333783142,2
1.233049196,4.66617204,2
-3.465575754,3.751063316,2
-3.058048947,3.264158054,2
4.732539072,1.615495403,2
0.558005625,-5.034736412,2
-4.487570377,2.597002772,2
2.101816192,-4.312272741,2
2.957867453,-4.052491597,2
1.138897346,4.678281737,2
-2.777041733,-4.219172379,2
-4.74800303,0.835368412,2
3.588658588,-3.363330152,2
1.025454686,4.69004028,2
-2.247917289,-4.611518132,2
-4.031016861,-3.239951054,2
-1.39087141,4.753781385,2
3.273666188,3.789412114,2
-2.729226566,-3.839020214,2
-0.353624692,-4.927391655,2
-1.999787602,4.571710964,2
-3.390384867,-4.361378096,2
-3.777457038,2.92512275,2
-1.212717298,-5.15203104,2
1.631055778,4.93691439,2
3.900163287,-3.217631026,2
-1.246379072,5.204564345,2
-3.421887555,3.747056845,2
4.743318845,1.81254035,2
3.813988996,3.216731183,2
-5.218688066,-0.521840458,2
-0.575756385,5.187439912,2
2.494157425,-4.188494127,2
4.715981268,0.436626638,2
-3.595866455,3.415469398,2
-2.524882973,4.129224057,2
4.950565311,0.604165018,2
3.725229957,3.695779777,2
-4.203523698,2.534590737,2
-4.986419746,0.22370675,2
-4.13238852,2.835409187,2
-5.072321506,-0.998603876,2
-3.761613691,-2.560942061,2
4.869179088,0.304003014,2
-4.914489942,1.127892562,2
5.102813383,-1.191243498,2
-4.866614245,-0.584756032,2
-2.033479013,-4.15363885,2
-1.941910796,4.741705077,2
0.731777423,-4.817667946,2
0.683464017,-4.712765206,2
-4.831553055,-0.650381875,2
4.906837199,-0.745157683,2
3.438062468,3.46191649,2
4.533064313,0.484537596,2
0.654260407,-5.137924175,2
1.846857892,-4.919743719,2
3.73525504,3.51680153,2
-0.466524802,4.749605922,2
4.929570504,0.54587135,2
-1.343500469,4.814765369,2
0.741816472,-5.065731861,2
-5.101014219,-0.578102129,2
-2.805434854,3.960144963,2
-3.47371827,3.619052559,2
5.091271933,0.043302725,2
-1.628751493,5.034241747,2
-3.113531409,-4.090817574,2
5.090160999,-0.832633653,2
2.873329559,-4.112409461,2
5.224151791,0.78021289,2
4.084202946,-3.024157422,2
0.999748835,-4.723133001,2
1.001755387,-5.184785818,2
-4.96162107,1.340748172,2
-3.93690669,2.936414343,2
-1.600637796,4.63553333,2
4.634393177,2.029549027,2
0.694255842,5.045092667,2
0.107533835,5.038311024,2
-5.036947894,0.50561822,2
-0.085741984,-5.339303069,2
-5.143868052,0.854187305,2
4.709020716,1.791046832,2
5.006861268,-1.359927948,2
4.486430159,-1.688058305,2
1.113980203,-4.955929382,2
5.353903594,-0.292014702,2
-4.764063282,-1.36730063,2
4.698901504,-1.119730381,2
4.330393872,2.22722247,2
-3.177755827,3.573526806,2
0.746158343,4.785222875,2
1.644305938,4.64335362,2
2.989549599,3.651093522,2
-3.594763359,-3.479787755,2
1.012950562,-5.080457624,2
-4.247015212,-2.2760295,2
3.198843278,4.23063807,2
1.911678442,-4.730486873,2
-3.419379026,-3.92574733,2
-3.715178153,3.146282256,2
-2.372683303,-4.594413231,2
-0.297390777,4.772356201,2
-2.915665525,4.27914608,2
4.372788698,-2.494710171,2
-1.286651923,4.946036064,2
-4.680416107,0.893194692,2
3.717357243,-3.069716834,2
-1.344014738,-4.939873286,2
4.447590647,1.832543583,2
3.062762235,4.068720005,2
4.720836605,0.232784808,2
-3.51697301,-3.788934581,2
-4.498887471,1.534838573,2
3.397038659,3.817974546,2
4.947148934,-1.338893521,2
-4.776486619,-0.900584023,2
0.260496214,5.10976957,2
-5.052052123,-0.019159239,2
-2.093564778,-4.42164187,2
4.258216073,2.21159983,2
-0.712297746,4.552082658,2
1.77615488,-4.748627606,2
-4.537322997,1.175176066,2
-4.805667702,-1.447967528,2
-4.513028238,2.02693263,2
4.941689514,1.398727885,2
2.494398671,4.263511878,2
-4.648070768,1.655561536,2
1.305345343,4.978075967,2
4.819220684,1.565157697,2
2.810325915,-4.211695425,2
5.058328726,-0.600544887,2
1.256599986,-4.521518716,2